sha256	bytes	path
090392b0a219a35a60563af32c527c7d961e77891e2fd66509c4cdaf92a9ad68	3147	HANDOFF.md
29296d6ca8205c2602fca1e8e17ec4f9fb5e261f4b786823c4da7ba5420b2c3c	1520	MEASURED_SOURCE_SHA256SUMS
462f59fd3abdd2586126aa017e4da7bb420a71423381e7633fee61f0456478ce	8041	README.md
8668a5893c92c2bb988743eff70c7ccf9d053ce2d3019a20fcf7068f941c52c2	1750	SOURCE_SHA256SUMS
1285dd62f4fc1fe5833646357f8d2fcacaf4d13380e1ac932a1e9b07655740c7	3729	profiling_summary.md
91d08d0f05267038cea4a5d36168c6e28241027e9934a598f37a63501f91bdaf	2514	raw/gb300/full_matrix/qwen35-decode-t1-r32__fused_global__cuda_graph.json
60003a636a8ab1cfcb3446bcb104262a7468ca2656fb6001de3c1f78d898005a	4830	raw/gb300/full_matrix/qwen35-decode-t1-r32__fused_global__cuda_graph.log
24592f442b663daa908903bf684fd349f2f9b7cd578cb71aba0acb206eb22bb3	2500	raw/gb300/full_matrix/qwen35-decode-t1-r32__fused_global__eager.json
d0b97e841d81bc75a57959bee2ca2d3d67c9ccc8df828a5ec7122549e95cf18e	4816	raw/gb300/full_matrix/qwen35-decode-t1-r32__fused_global__eager.log
061e0b515f22e5cde5d898a669debfeaa39e91f3f1d1af9f864af735b48db318	2528	raw/gb300/full_matrix/qwen35-decode-t1-r32__fused_per_rank__cuda_graph.json
331bf431b3b0fa322eb99dcb577f7e3e105d172b81f93cadc18618668da6e3fc	4844	raw/gb300/full_matrix/qwen35-decode-t1-r32__fused_per_rank__cuda_graph.log
2f50115297e1b5ab9c60910665b1ec233ac5f711f3c40a88ed71315974daeeae	2515	raw/gb300/full_matrix/qwen35-decode-t1-r32__fused_per_rank__eager.json
46fe86b9a5ea5ed9202f08c91b1e7926b08fad0c9ec0be519bc448ce56af455b	4831	raw/gb300/full_matrix/qwen35-decode-t1-r32__fused_per_rank__eager.log
945031d67bd5135f238259de1b5db2da25354e4dc89e0436cab52becf88556f6	2516	raw/gb300/full_matrix/qwen35-decode-t1-r32__separate_overlap__cuda_graph.json
f3996a209afe403d3fd63cc7b8cc76d8f00f6908a2591efe06581e1280696f3d	4832	raw/gb300/full_matrix/qwen35-decode-t1-r32__separate_overlap__cuda_graph.log
de7afb7d4219de23112b3bc021a9af28b61534479db982323b914a31884f8911	2500	raw/gb300/full_matrix/qwen35-decode-t1-r32__separate_overlap__eager.json
3c0d79edcd7f6d65004a8602b4a08e61bc113f8bd6667d925ff641aeefb92c00	4816	raw/gb300/full_matrix/qwen35-decode-t1-r32__separate_overlap__eager.log
44fddf1b5c0727068a82b3159561281f9a3a8924a0227495084993351dcffc58	2529	raw/gb300/full_matrix/qwen35-decode-t1-r32__separate_serial__cuda_graph.json
6a398ae708d999f941a0ddaf62f888c612cafa45a875efb94ce4b9755bb84ff9	4935	raw/gb300/full_matrix/qwen35-decode-t1-r32__separate_serial__cuda_graph.log
247dea58bcc0b95e49fb6205ca413741b2bf644cd120b49a6c09079e96c48690	2510	raw/gb300/full_matrix/qwen35-decode-t1-r32__separate_serial__eager.json
cfd9fa757397c83b137a7e8bdfd8668b2c539b61651497c6d9d945e771a316de	4826	raw/gb300/full_matrix/qwen35-decode-t1-r32__separate_serial__eager.log
69dbcdbfc297d0fea5ff89b183261cc149c31da42325d228add3c7d9c22c44e8	2565	raw/gb300/full_matrix/qwen35-decode-t32-r128-two-sink-mixed__fused_global__cuda_graph.json
b208c23cbfd30092bdfd9926bd70b44fc874961d52e75cbd6aac63d669f94295	4883	raw/gb300/full_matrix/qwen35-decode-t32-r128-two-sink-mixed__fused_global__cuda_graph.log
72d804beda2852ab319f8cfe4a67496ff7f94fd4da5241e7835394c846539ec3	2550	raw/gb300/full_matrix/qwen35-decode-t32-r128-two-sink-mixed__fused_global__eager.json
49c158423e03e12dc4bd7acd1eb314c9e580f19aef7b81dd558818df57cf5723	4868	raw/gb300/full_matrix/qwen35-decode-t32-r128-two-sink-mixed__fused_global__eager.log
a9aa2140212e6a45681e8a51b0ad3ac1d6d67d71525e3674de172c20260db941	2582	raw/gb300/full_matrix/qwen35-decode-t32-r128-two-sink-mixed__fused_per_rank__cuda_graph.json
0e5e4b99d622be1ac370d539b49e5dad1c889df4fa94b7138a9054acfa3c0cd1	4897	raw/gb300/full_matrix/qwen35-decode-t32-r128-two-sink-mixed__fused_per_rank__cuda_graph.log
773ef5698c7893ac9077c0e5a812f48490906d70f9f2b2937971c58911108cc5	2565	raw/gb300/full_matrix/qwen35-decode-t32-r128-two-sink-mixed__fused_per_rank__eager.json
27140b105fa728a3c52fc87b1957662a8dd1343adc606190e82861f2500749a4	4880	raw/gb300/full_matrix/qwen35-decode-t32-r128-two-sink-mixed__fused_per_rank__eager.log
bac61d164dbfbe7beec224a381dc2625e52c91528697ba1ee1de20e3a3db8dfd	2568	raw/gb300/full_matrix/qwen35-decode-t32-r128-two-sink-mixed__separate_overlap__cuda_graph.json
8e703b743e2a36820f67e4f20923b420f774d4f53ea2f7328d36f0f218932e10	4886	raw/gb300/full_matrix/qwen35-decode-t32-r128-two-sink-mixed__separate_overlap__cuda_graph.log
344cd7f138215803294b3b67db005a1778513a0dd9f4ab58ff00b20a7065303d	2551	raw/gb300/full_matrix/qwen35-decode-t32-r128-two-sink-mixed__separate_overlap__eager.json
d6e8ffdb4f0a3174683511d01df086204572b74ae7d54a8a62371823a09cd484	4869	raw/gb300/full_matrix/qwen35-decode-t32-r128-two-sink-mixed__separate_overlap__eager.log
46572fa2fad5727ae53157160cf4265cd1f5a2e78eb0b940c9a8a9262b6850a1	2578	raw/gb300/full_matrix/qwen35-decode-t32-r128-two-sink-mixed__separate_serial__cuda_graph.json
b4236ecc119e8c810cd8459d739adbe416572fc2930f8fe60e26391c4a87c19a	4896	raw/gb300/full_matrix/qwen35-decode-t32-r128-two-sink-mixed__separate_serial__cuda_graph.log
5489c22e78f7ac5c6fc4dd840d08dfd7c5a43b6e1494d4eeb3a09a9f1dde776e	2563	raw/gb300/full_matrix/qwen35-decode-t32-r128-two-sink-mixed__separate_serial__eager.json
766672939cc99032dc36c64df68532f3e1853d65dfa54f8f71b0e3c2ba1a2d26	4881	raw/gb300/full_matrix/qwen35-decode-t32-r128-two-sink-mixed__separate_serial__eager.log
3990e04512df054753bbd8cf575f480c296e28410c9194249ede4a30107de3b1	2537	raw/gb300/full_matrix/qwen35-decode-t32-r64-mixed__fused_global__cuda_graph.json
916f0df13486c646788e8d362220ecbd1a15f7524f24ef18e8cdc115c1d72cec	4854	raw/gb300/full_matrix/qwen35-decode-t32-r64-mixed__fused_global__cuda_graph.log
302f5b7d56f5389073f53c7782f8f6601c3c73fb9209029cc3a855b420b12674	2521	raw/gb300/full_matrix/qwen35-decode-t32-r64-mixed__fused_global__eager.json
a50f212a20028bf3caa33f7a4750c5cb740e26d1fae7ebe77f59360ccc60fce2	4838	raw/gb300/full_matrix/qwen35-decode-t32-r64-mixed__fused_global__eager.log
1461b1a801f1c6a36af82f776a3ec7d5e4ec12dbc18f06a9082c600650bb587e	2554	raw/gb300/full_matrix/qwen35-decode-t32-r64-mixed__fused_per_rank__cuda_graph.json
a7ed09215e0e0f3fdd5cfec4cea991304c2270f54d7fb9365fa8628b78e99277	4871	raw/gb300/full_matrix/qwen35-decode-t32-r64-mixed__fused_per_rank__cuda_graph.log
42f143b408aff28118468e4afdf8f5faee4e3f7b0df22ab054bfc56b71083374	2537	raw/gb300/full_matrix/qwen35-decode-t32-r64-mixed__fused_per_rank__eager.json
e123bff0964d5aacfe75046354bed2ae32ce6f7997fae9c4a5839b9783b13117	4854	raw/gb300/full_matrix/qwen35-decode-t32-r64-mixed__fused_per_rank__eager.log
2b5f72514d129ffb5a4051cfcc52f086b8b4123ae56116d9cea9fd96c1914019	2536	raw/gb300/full_matrix/qwen35-decode-t32-r64-mixed__separate_overlap__cuda_graph.json
437dd352ca11c71d39bb1d7cc794ad2dedab8fee903e4741240f750f769835e5	4853	raw/gb300/full_matrix/qwen35-decode-t32-r64-mixed__separate_overlap__cuda_graph.log
ee630f6a0f171b0ddd5e649ae568c62fe83348d99fd9bf29b7f249779e7d3294	2520	raw/gb300/full_matrix/qwen35-decode-t32-r64-mixed__separate_overlap__eager.json
4f2ac6e5e8acefc5275da3bcd147e95b91d1713e814b27c5b12e924d4e1252a9	4837	raw/gb300/full_matrix/qwen35-decode-t32-r64-mixed__separate_overlap__eager.log
913defd8692103ae40aad476eb18087f68abe36e4392a4a91234827f274d6448	2547	raw/gb300/full_matrix/qwen35-decode-t32-r64-mixed__separate_serial__cuda_graph.json
3bba022c5e51cb68f73213dbcb829b2c52abc8b6ef2d45615e8c2f0da0649cf4	4864	raw/gb300/full_matrix/qwen35-decode-t32-r64-mixed__separate_serial__cuda_graph.log
6ccd732edf13060a9f7c101b8ffd3571627934e6a2df6183534eed6ee9c79b0a	2532	raw/gb300/full_matrix/qwen35-decode-t32-r64-mixed__separate_serial__eager.json
3d1ffba8bbb68faa925e4c1facf2f09eaac41ec60468c99e9052e78481bbbe22	4849	raw/gb300/full_matrix/qwen35-decode-t32-r64-mixed__separate_serial__eager.log
9b20f7a29ccb0d18262915c3d3a26cc3d2f35a67828be9462426d47cc6165fc1	2570	raw/gb300/full_matrix/qwen35-prefill-t256-r128-two-sink-mixed__fused_global__cuda_graph.json
9eac6b7070c934619d85711e4fc34e66612272feb270eae635490ed23642dd36	4886	raw/gb300/full_matrix/qwen35-prefill-t256-r128-two-sink-mixed__fused_global__cuda_graph.log
d51ad49a7a1150c37a2db809d62ea78c7afde47421ea0fec6536402c3b97a84c	2558	raw/gb300/full_matrix/qwen35-prefill-t256-r128-two-sink-mixed__fused_global__eager.json
dd28ab47192feeecd8e2de5239bc07b302ff3cb4f94be7095c3ced19e619311a	4873	raw/gb300/full_matrix/qwen35-prefill-t256-r128-two-sink-mixed__fused_global__eager.log
8f3ac5d251f69843b836120c6e2afe35d9059171f81ce5953e85497d7fda2773	2589	raw/gb300/full_matrix/qwen35-prefill-t256-r128-two-sink-mixed__fused_per_rank__cuda_graph.json
52d5d955aef4ba6799821ef44ef0529647214c1649a4068661fd33b135d5d18b	4907	raw/gb300/full_matrix/qwen35-prefill-t256-r128-two-sink-mixed__fused_per_rank__cuda_graph.log
6f4162a063dd76aa18c718aa032407baf9d27ab9fc17d156183b8ce26592f295	2574	raw/gb300/full_matrix/qwen35-prefill-t256-r128-two-sink-mixed__fused_per_rank__eager.json
a7ed54c4aec14060c786fbea4768f5a779cab41bf0a25f0c01c1f84202350f6a	4889	raw/gb300/full_matrix/qwen35-prefill-t256-r128-two-sink-mixed__fused_per_rank__eager.log
860402539e5adf4ba946da0e499c2dfc646475b502321d32df332f849a9c34b0	2571	raw/gb300/full_matrix/qwen35-prefill-t256-r128-two-sink-mixed__separate_overlap__cuda_graph.json
a9a812bd8da4133fb44f7889665a516dd75ec7e585847253fbf1a01234add2c3	4889	raw/gb300/full_matrix/qwen35-prefill-t256-r128-two-sink-mixed__separate_overlap__cuda_graph.log
17723c65501ed4a1b2516b1e54b13c7b063f0679a42838eb4f6a2f082272c084	2564	raw/gb300/full_matrix/qwen35-prefill-t256-r128-two-sink-mixed__separate_overlap__eager.json
41ee0d377450c0b98aff6c008be6ebaaf4d17fb41bf4eccd6b2d40e7d18c22d1	4882	raw/gb300/full_matrix/qwen35-prefill-t256-r128-two-sink-mixed__separate_overlap__eager.log
c217cccf9d8aab2e89292263fd2a245e5ff2e33eb71271e9b5ed885e13c10838	2583	raw/gb300/full_matrix/qwen35-prefill-t256-r128-two-sink-mixed__separate_serial__cuda_graph.json
4babf22e34033c562b394d1cd05769e65e12b78364fba226b2d583fc59cbbee2	4901	raw/gb300/full_matrix/qwen35-prefill-t256-r128-two-sink-mixed__separate_serial__cuda_graph.log
d307efd85bc5631b858c8b674fac5e01087b8867dfc0dc2a73fc036348e28a7a	2573	raw/gb300/full_matrix/qwen35-prefill-t256-r128-two-sink-mixed__separate_serial__eager.json
3f1c633f65e3fc4cf5a906f5660c845f99bb85e3c2ab8351087bb2ad7ddd1469	4891	raw/gb300/full_matrix/qwen35-prefill-t256-r128-two-sink-mixed__separate_serial__eager.log
f9e9f8fb76707b59f611a4462825003ba3ac7a086e6b75adc4d785de0931abb9	2543	raw/gb300/full_matrix/qwen35-prefill-t256-r32-mixed__fused_global__cuda_graph.json
9c64e6aba57e9ed6878818b5c40c046ce9318236710da9a790c3fae6a54d2652	4860	raw/gb300/full_matrix/qwen35-prefill-t256-r32-mixed__fused_global__cuda_graph.log
6a43136ded1174676bf7981cb9653b578a4dc5a40838777f35209ac2e7988008	2526	raw/gb300/full_matrix/qwen35-prefill-t256-r32-mixed__fused_global__eager.json
83f6316c6327c4cf7dbb01410f32db4d3edd10eb8b403fae496f2323e320cd19	4843	raw/gb300/full_matrix/qwen35-prefill-t256-r32-mixed__fused_global__eager.log
cdc78690ef49716988f2f6ae1758f6d4a9a18b2ffe71d49c49d45fc03531a7c0	2561	raw/gb300/full_matrix/qwen35-prefill-t256-r32-mixed__fused_per_rank__cuda_graph.json
ada59119964529685ab79b9e0cf7c14b1c3a28b48a6a92a45322ec7b351ea3d8	4876	raw/gb300/full_matrix/qwen35-prefill-t256-r32-mixed__fused_per_rank__cuda_graph.log
ab611b51c1fbc8157eb3cf39997891530c92799db613758820b81fa36335456d	2546	raw/gb300/full_matrix/qwen35-prefill-t256-r32-mixed__fused_per_rank__eager.json
01e6d60858ac63074bb848e8d1e80d80c18695bac935825339e2e87f8ac0a288	4860	raw/gb300/full_matrix/qwen35-prefill-t256-r32-mixed__fused_per_rank__eager.log
d7f5149831def049656d002ff40920b6d02899ab4013b98f7d55177f62fd4618	2546	raw/gb300/full_matrix/qwen35-prefill-t256-r32-mixed__separate_overlap__cuda_graph.json
f20db137b3f2a1c4cf793f1144749aba31313f620f8cd7112c5517a484a3b2fe	4863	raw/gb300/full_matrix/qwen35-prefill-t256-r32-mixed__separate_overlap__cuda_graph.log
eef48e1eedda1bf13887eac758dfabe9f665a00f3c1257f52818edc7d93b6a18	2530	raw/gb300/full_matrix/qwen35-prefill-t256-r32-mixed__separate_overlap__eager.json
3ab9d0c35d7aca4e7674a5537d4030a6a16206aed8f4c3615def475148f68bae	4847	raw/gb300/full_matrix/qwen35-prefill-t256-r32-mixed__separate_overlap__eager.log
7d74c5fdec209cf76d9138c61908bea9cbd3f582faea1c54d4127b8a866ac496	2557	raw/gb300/full_matrix/qwen35-prefill-t256-r32-mixed__separate_serial__cuda_graph.json
f303b31bdb907224db95d92bb8c8d6fc8401dc9939cc15ed3a642249aab5a707	4874	raw/gb300/full_matrix/qwen35-prefill-t256-r32-mixed__separate_serial__cuda_graph.log
db6d04f8601ba00eee2682463f0ba69c357513f8e1eb618bcdfdbc34b1d46d48	2541	raw/gb300/full_matrix/qwen35-prefill-t256-r32-mixed__separate_serial__eager.json
3de0c1c3ebf15120f27ad67e0e487ecbf194c46a381d7f5afcd3b0339f5a36aa	4858	raw/gb300/full_matrix/qwen35-prefill-t256-r32-mixed__separate_serial__eager.log
50aa319701fe7aeeabc27b3d1825a68135ae045b912f7d3dc00db661f692c513	2525	raw/gb300/full_matrix/qwen35-prefill-t512-r64__fused_global__cuda_graph.json
03851e5522852f9a28453bab229ac8f4a82efd9b5d20c17a60ab259ad0a032a4	4842	raw/gb300/full_matrix/qwen35-prefill-t512-r64__fused_global__cuda_graph.log
9916cc8616a9e0b77b3019a2acb45d3cd960a4cbeebcbc2d1b0f3fe2d8bf2100	2511	raw/gb300/full_matrix/qwen35-prefill-t512-r64__fused_global__eager.json
3fea0a52ee11f79b1c722adc3ff26663ed30da44701cac5821f10569cea7ec2d	4828	raw/gb300/full_matrix/qwen35-prefill-t512-r64__fused_global__eager.log
ba5f793f490b933c7b973b85f200bcca089a98e3bc22b53215dad2edc2ca42be	2543	raw/gb300/full_matrix/qwen35-prefill-t512-r64__fused_per_rank__cuda_graph.json
d178649aa6d421ee88542670fef12a1489c2c560f3a24d2148fbd5e166a42569	4860	raw/gb300/full_matrix/qwen35-prefill-t512-r64__fused_per_rank__cuda_graph.log
c9c5c0587a93a11ecf32546755e0f4953e13d0607e8a9241cd7b7eaf78a264ea	2529	raw/gb300/full_matrix/qwen35-prefill-t512-r64__fused_per_rank__eager.json
d82413052a7c5a5b3f7465b097ddc5715bb9a647781b714d296d097fce168441	4846	raw/gb300/full_matrix/qwen35-prefill-t512-r64__fused_per_rank__eager.log
9b4d75725b5b9275eb643ddfb90d49030ba52087a76072fc0a45490a9722fec3	2528	raw/gb300/full_matrix/qwen35-prefill-t512-r64__separate_overlap__cuda_graph.json
23c0d824dedb51ee738ae4dadeea5d6da0dd8d92335d830c7ced7250a1220382	4845	raw/gb300/full_matrix/qwen35-prefill-t512-r64__separate_overlap__cuda_graph.log
9600eed10bf4eeb79a6cc518189df51f4618e0b8847a95accbabdf5a0a0f5a66	2518	raw/gb300/full_matrix/qwen35-prefill-t512-r64__separate_overlap__eager.json
d2918b16fc807120bc6f99f485d6490d5717b2b39762bd237ea07ffe368fe65d	4835	raw/gb300/full_matrix/qwen35-prefill-t512-r64__separate_overlap__eager.log
5fed07a007f895fa724aeef14ff97261cf977d8c9ba581691b00d7835c7f0428	2539	raw/gb300/full_matrix/qwen35-prefill-t512-r64__separate_serial__cuda_graph.json
90176bf280dadc4f902bc85e054ab862de9917034e82f77b43bf4a5eaf4d4090	4856	raw/gb300/full_matrix/qwen35-prefill-t512-r64__separate_serial__cuda_graph.log
5ab47e3f3b37eb760958eebe86ed693066198d1d7c36967eecb1063940e045b4	2525	raw/gb300/full_matrix/qwen35-prefill-t512-r64__separate_serial__eager.json
8a1585b5bcb867f9ccf94cddafea1dfa4d5ec92fb0d48fba2858f35a415ffa1b	4842	raw/gb300/full_matrix/qwen35-prefill-t512-r64__separate_serial__eager.log
c6318c0a6e13679480affd10c5a9b242e4c3d97d3fd918da2a86967a0fb69ba7	5739	raw/gb300/ncu/gb300-fused-global-route.details.txt
6f17bfbe9d170d06055cf8ecabb3aafe3dd07d6d3fbae7d0020725732a330eb3	8071	raw/gb300/ncu/gb300-fused-global-route.log
5573b0289ce9229216d3153fd1081ccea0017d6ce6c77c8d2e306a8f39142863	122395	raw/gb300/ncu/gb300-fused-global-route.ncu-rep
604f2a57fb86488d35c511dc92d02c9255d20bcdb3b78dc965bcb37c5c2121d6	5738	raw/gb300/ncu/gb300-fused-per-rank-route.details.txt
5241b7324a87d3106827c0159d9cea8bf301b827206cc9de7592116dc915971a	7669	raw/gb300/ncu/gb300-fused-per-rank-route.log
3b8c9781919d63fa7741a6400b04ed5f2b8afa35b2788e96feb2e538d2f188c2	128543	raw/gb300/ncu/gb300-fused-per-rank-route.ncu-rep
dd78f6796805d9b5e7881ed8d453972fb7bbf486ec01db90272473903c4dc480	1766	raw/gb300/nsys/qwen35-decode-t32-r128-two-sink-mixed__fused_per_rank__cuda_graph.analysis.json
60ef4b74e8e31f32b7bfd15508a85efed08404c8ee0d7e7e63278282efcb4904	12386	raw/gb300/nsys/qwen35-decode-t32-r128-two-sink-mixed__fused_per_rank__cuda_graph.log
8936c83a71bff3447de4cb7eed19f95043c2ad4a78cc3d6aa4d82301ca336c5f	194172	raw/gb300/nsys/qwen35-decode-t32-r128-two-sink-mixed__fused_per_rank__cuda_graph.nsys-rep
8d622b1886586cd8c1de0428b44dcebef30b71dbab14df8fd7bf8032fe084174	618496	raw/gb300/nsys/qwen35-decode-t32-r128-two-sink-mixed__fused_per_rank__cuda_graph.sqlite
e0df4150129d75c43322107643408fced30eab0a91aeebfb66ad42dedc46b793	2381	raw/gb300/nsys/qwen35-decode-t32-r128-two-sink-mixed__separate_overlap__cuda_graph.analysis.json
cd6a5062c09512666a3b33951508f9e37ee3688941bc29d09d2e5ff58f2c1fbd	2341	raw/gb300/nsys/qwen35-decode-t32-r128-two-sink-mixed__separate_overlap__cuda_graph.json
5784f1c1bc348dafd5920c85ba97d8f9435602036a19ee6c5f5eabb1bef52e66	14762	raw/gb300/nsys/qwen35-decode-t32-r128-two-sink-mixed__separate_overlap__cuda_graph.log
c9b8ef2003fc6b2b94c7517c9f33c583396e2fdb69f7240c1cf41c5808b9c14b	221761	raw/gb300/nsys/qwen35-decode-t32-r128-two-sink-mixed__separate_overlap__cuda_graph.nsys-rep
5306a85d37834e366aae3c295ea67496308288a00e4cd18a3dd18298e794c374	675840	raw/gb300/nsys/qwen35-decode-t32-r128-two-sink-mixed__separate_overlap__cuda_graph.sqlite
fc92e192ec8dfae2bbcae0800e9a248eae639a870487a3b575e6ef5b0cda0e1e	1768	raw/gb300/nsys/qwen35-prefill-t256-r128-two-sink-mixed__fused_per_rank__cuda_graph.analysis.json
bda55777810a34b0cfeab79eb1c3bbf2cd2091256a25ad3e22c6721a810c3d49	12535	raw/gb300/nsys/qwen35-prefill-t256-r128-two-sink-mixed__fused_per_rank__cuda_graph.log
168346e8b6f8f36140693c77ee9cd564654aeaf4ac853d98a438d66f3506d36c	194219	raw/gb300/nsys/qwen35-prefill-t256-r128-two-sink-mixed__fused_per_rank__cuda_graph.nsys-rep
e8dd50edad03db620db4406ed35ed97bf70d5a62af4e92c2436d7eac37762d28	618496	raw/gb300/nsys/qwen35-prefill-t256-r128-two-sink-mixed__fused_per_rank__cuda_graph.sqlite
390fcdbd59e4a9a85f079d5ea990adbee959b2a40682043269738a4c4d55f696	2356	raw/gb300/nsys/qwen35-prefill-t256-r128-two-sink-mixed__separate_overlap__cuda_graph.analysis.json
b3a022d362b25552644efd5935974a6195ba5e782f880f65ce37ae417432a0ce	12449	raw/gb300/nsys/qwen35-prefill-t256-r128-two-sink-mixed__separate_overlap__cuda_graph.log
52c8d6daf6be33eb0b3a9d0e9c2e3eb6ae0322f2472d19719c6f480f22e70e9b	197476	raw/gb300/nsys/qwen35-prefill-t256-r128-two-sink-mixed__separate_overlap__cuda_graph.nsys-rep
79ca5e010cff87f5d5e0196c1aa810147f632d1811e8547c09b157e0e204b73a	622592	raw/gb300/nsys/qwen35-prefill-t256-r128-two-sink-mixed__separate_overlap__cuda_graph.sqlite
81f0803458d40244c61572f6069ed38d0c04129ee0a8635783136bcc3bf1fc8a	2526	raw/gb300/repeat_reverse/qwen35-decode-t1-r32__fused_global__cuda_graph__repeat2.json
077b697f3ac3f8f5d6bb9c2b57d48675aedccb2ae4f57ce7f710ad2650c18a24	4842	raw/gb300/repeat_reverse/qwen35-decode-t1-r32__fused_global__cuda_graph__repeat2.log
013cc5d700307f8c85c79f00de0366c608fb968c111f419e8cca5c9ae07e3203	2544	raw/gb300/repeat_reverse/qwen35-decode-t1-r32__fused_per_rank__cuda_graph__repeat2.json
e71817d1f795dff0695bd5dfd572f012cf8d5480281d38df7bb561b49406d89b	4860	raw/gb300/repeat_reverse/qwen35-decode-t1-r32__fused_per_rank__cuda_graph__repeat2.log
fd5a46b86e1d9ca2eb02c9c062b216a12b152ae6a0ea3d878674a2b623c88538	2528	raw/gb300/repeat_reverse/qwen35-decode-t1-r32__separate_overlap__cuda_graph__repeat2.json
5748a85ee4ab8e868159c5fa4fe089e761a9bd3d09be50aa3bd0525583a8e657	4844	raw/gb300/repeat_reverse/qwen35-decode-t1-r32__separate_overlap__cuda_graph__repeat2.log
cfc454d092d9c7949caef23b4330b4487996c2cde11834cdc0226cd2e4e77211	2542	raw/gb300/repeat_reverse/qwen35-decode-t1-r32__separate_serial__cuda_graph__repeat2.json
2278b4f295f9392b56e0d4f60a273ef0f1aa7d71b57acaa3f1da47b4a157c517	4858	raw/gb300/repeat_reverse/qwen35-decode-t1-r32__separate_serial__cuda_graph__repeat2.log
c7f18a3bb59268bca454979011eed8c02ea0f2692296971b92efe4803667fabf	2574	raw/gb300/repeat_reverse/qwen35-decode-t32-r128-two-sink-mixed__fused_global__cuda_graph__repeat2.json
6b46d8b581885fc2d4456a7bab8e1792f57186aafda786aec029e707bde65bb7	4892	raw/gb300/repeat_reverse/qwen35-decode-t32-r128-two-sink-mixed__fused_global__cuda_graph__repeat2.log
491a1ca591d1542bd65b6e989d367eaf34ead545aef1d20714ae3f4e94a9270d	2595	raw/gb300/repeat_reverse/qwen35-decode-t32-r128-two-sink-mixed__fused_per_rank__cuda_graph__repeat2.json
4cff845086598c21885685bb7c9b9bb3cae651684961c7438813e53fc2d17d4f	4910	raw/gb300/repeat_reverse/qwen35-decode-t32-r128-two-sink-mixed__fused_per_rank__cuda_graph__repeat2.log
ed90b982e6e77f2bab66b17856c0a53162d292404e3ff0d3ff7ce9b3a219651c	2579	raw/gb300/repeat_reverse/qwen35-decode-t32-r128-two-sink-mixed__separate_overlap__cuda_graph__repeat2.json
26e1d3847922717eeb133bffc87e1e1dcdf8dc8c5f57067292241cc59f29fd5a	4897	raw/gb300/repeat_reverse/qwen35-decode-t32-r128-two-sink-mixed__separate_overlap__cuda_graph__repeat2.log
ba6535ed88730697c9cf69f8843929eae360dc0864a8c6936533aadbfcdffb15	2591	raw/gb300/repeat_reverse/qwen35-decode-t32-r128-two-sink-mixed__separate_serial__cuda_graph__repeat2.json
25c0ae391292a03f592d02630b46f0cb5ba702a0d8497ba72e307915484c48b8	4909	raw/gb300/repeat_reverse/qwen35-decode-t32-r128-two-sink-mixed__separate_serial__cuda_graph__repeat2.log
aa28f52178701d219103daf2f48c704427d900c4d1e101946207ecd2c4a74207	2548	raw/gb300/repeat_reverse/qwen35-decode-t32-r64-mixed__fused_global__cuda_graph__repeat2.json
418ebf52e964ff2a3d0f10f6b855715ce5cc01db741f398270ea8a29a8d7a330	4865	raw/gb300/repeat_reverse/qwen35-decode-t32-r64-mixed__fused_global__cuda_graph__repeat2.log
c3707c0c8c2c4da652749c8ac989ea2ba906b5676bf57fd2813c80d6627a8879	2566	raw/gb300/repeat_reverse/qwen35-decode-t32-r64-mixed__fused_per_rank__cuda_graph__repeat2.json
7eb909b48373c5ca31928ae2aa13a0875947534a9655757f01099f8c519422a1	4883	raw/gb300/repeat_reverse/qwen35-decode-t32-r64-mixed__fused_per_rank__cuda_graph__repeat2.log
6ac055dc7208bb313cc52b25dbf2ff3722e3b62ba2f2827813ecfbad9d87a792	2549	raw/gb300/repeat_reverse/qwen35-decode-t32-r64-mixed__separate_overlap__cuda_graph__repeat2.json
a80199f1a5442e1f88165577972a6429f99a04155b95249ee2eab66549b677fc	4866	raw/gb300/repeat_reverse/qwen35-decode-t32-r64-mixed__separate_overlap__cuda_graph__repeat2.log
8a5dc4bd2ecb94c71eb708adce852b4c8bc0932d608e6465e0677594520b5245	2559	raw/gb300/repeat_reverse/qwen35-decode-t32-r64-mixed__separate_serial__cuda_graph__repeat2.json
c28aad254ba0355f1342b49a529b48a99061d1ba1f83f3c1045cc800b57d969e	4876	raw/gb300/repeat_reverse/qwen35-decode-t32-r64-mixed__separate_serial__cuda_graph__repeat2.log
c0f5d6010854a0076127452d1a018cd9ae8b5daa2f525f21ef43ac5a54ed759c	2583	raw/gb300/repeat_reverse/qwen35-prefill-t256-r128-two-sink-mixed__fused_global__cuda_graph__repeat2.json
0ef3a86b572b4eca30df774854b089877a0dacc340a5e2e16f739f233ee38136	4898	raw/gb300/repeat_reverse/qwen35-prefill-t256-r128-two-sink-mixed__fused_global__cuda_graph__repeat2.log
7488acdb90794a69d62296ddea9e58b9f4336df4b84a91f91d5505908fb64cdb	2601	raw/gb300/repeat_reverse/qwen35-prefill-t256-r128-two-sink-mixed__fused_per_rank__cuda_graph__repeat2.json
3d535d9c693feb3d24bfcaa7328049729b64e019a7dd04d08a4bd622ae402006	4919	raw/gb300/repeat_reverse/qwen35-prefill-t256-r128-two-sink-mixed__fused_per_rank__cuda_graph__repeat2.log
462fd8a2eac1af883ac458159f793d16af80a792b764c952dfe817a578d5a10f	2585	raw/gb300/repeat_reverse/qwen35-prefill-t256-r128-two-sink-mixed__separate_overlap__cuda_graph__repeat2.json
1418dd8715f582af3b43e2190d9a89359e14eb9d73f98b7c5669b0861856534f	4903	raw/gb300/repeat_reverse/qwen35-prefill-t256-r128-two-sink-mixed__separate_overlap__cuda_graph__repeat2.log
b4cf3a01167f8f29b640c069bbf4fc2b84325e93adc02026543f6437b90314ba	2593	raw/gb300/repeat_reverse/qwen35-prefill-t256-r128-two-sink-mixed__separate_serial__cuda_graph__repeat2.json
2b64fce83304ae5f1f93db3decd4b328408d414cbd4437f88a7b7b74b6902a9c	4911	raw/gb300/repeat_reverse/qwen35-prefill-t256-r128-two-sink-mixed__separate_serial__cuda_graph__repeat2.log
21715819f0f72be0ba5cd9a909e3b58c981808d3b73a4e8dbaff6ccec7973503	2555	raw/gb300/repeat_reverse/qwen35-prefill-t256-r32-mixed__fused_global__cuda_graph__repeat2.json
c80f85026b170e88ce1e4791db0dc41b249e71e690343104bc18600812558b08	4872	raw/gb300/repeat_reverse/qwen35-prefill-t256-r32-mixed__fused_global__cuda_graph__repeat2.log
fbd99a41edbb7364122ea616c65f133f2b20e323496d5636ed18ac6301e203f4	2573	raw/gb300/repeat_reverse/qwen35-prefill-t256-r32-mixed__fused_per_rank__cuda_graph__repeat2.json
6d4cf167559c881df4fa40725e3af0e5d3797462854171d92d55270ad14e5a0c	4890	raw/gb300/repeat_reverse/qwen35-prefill-t256-r32-mixed__fused_per_rank__cuda_graph__repeat2.log
098b07b278f473e574ce7a008c42744f051ca9e48494be80523adad3313f828b	2556	raw/gb300/repeat_reverse/qwen35-prefill-t256-r32-mixed__separate_overlap__cuda_graph__repeat2.json
ee69bc889841c236510e1d68de9b0c98d8de29c57eb2d8f495a41bcacb50aa0c	4873	raw/gb300/repeat_reverse/qwen35-prefill-t256-r32-mixed__separate_overlap__cuda_graph__repeat2.log
886158a6249856e74cf6f0e9c4b11f3802fcdf1c877d0c7d1c6331120ce6ef98	2569	raw/gb300/repeat_reverse/qwen35-prefill-t256-r32-mixed__separate_serial__cuda_graph__repeat2.json
536541b61d97d468f8e7a4ce074becb3ba78db2317aa119db9eee9aebf05619f	4886	raw/gb300/repeat_reverse/qwen35-prefill-t256-r32-mixed__separate_serial__cuda_graph__repeat2.log
204444b256dc800aa9f95e28981f143a88beec0fc5450cfa58311e7881fd33a0	2538	raw/gb300/repeat_reverse/qwen35-prefill-t512-r64__fused_global__cuda_graph__repeat2.json
4d88ae0a99e71ee0520e2731d55480ccf7a4f7f3d60d79e4105d2d3b70976044	4853	raw/gb300/repeat_reverse/qwen35-prefill-t512-r64__fused_global__cuda_graph__repeat2.log
f6ad34eb755e72a3ce702dd91ca78303324f933e6bf60adeb9c1245e3082c34e	2555	raw/gb300/repeat_reverse/qwen35-prefill-t512-r64__fused_per_rank__cuda_graph__repeat2.json
1d3605b909952c72bc164015fbd5225f6faa75f9d48496a3261e37d9d328efe3	4872	raw/gb300/repeat_reverse/qwen35-prefill-t512-r64__fused_per_rank__cuda_graph__repeat2.log
792ac5641fbdf2afa90737046ffe0f365cd99d55594a5e710694131ebf67143f	2537	raw/gb300/repeat_reverse/qwen35-prefill-t512-r64__separate_overlap__cuda_graph__repeat2.json
a57bca26101eb67cd080ef923dbb9886398d572ad595b8d71ccc86f29511e668	4854	raw/gb300/repeat_reverse/qwen35-prefill-t512-r64__separate_overlap__cuda_graph__repeat2.log
0234d1ee780349a7dc22d777bf0f3bac20813e20b41ada3e73798fc52d32b4a1	2548	raw/gb300/repeat_reverse/qwen35-prefill-t512-r64__separate_serial__cuda_graph__repeat2.json
1653cbf80a4b9357636202aaa721f41d7dc1d9167b8e221eaad6ac2178aeedca	4865	raw/gb300/repeat_reverse/qwen35-prefill-t512-r64__separate_serial__cuda_graph__repeat2.log
94d9258c5a6ff8fc530dbb79ff31cefc9d2d2e0cb3beef02542719d00454707d	2402	raw/gb300/smoke-gb300-fused-global-eager.json
1771c6093819fea71f3825bb8427696012c890c6716dd18e6db5256968944e85	2476	raw/gb300/smoke_matrix/fused_global-cuda_graph.json
7106b2f7a3dbef6e6bb1f998fc8bd1efe73145c9e54e4c90ab3620491bc78d6c	4817	raw/gb300/smoke_matrix/fused_global-cuda_graph.log
56e17123ca43d2ec15bf046a9367f56fe3bb2a761c33825b8e43b3a77c1c371b	2457	raw/gb300/smoke_matrix/fused_global-eager.json
b51d8399004c91c174a8322b0a663f2667f551563e39fad52d9485b17bb79f26	4800	raw/gb300/smoke_matrix/fused_global-eager.log
fb76aa93222e2fd3d418bbe0f0317c29edb9e86ceb014e6b6ab5bf82b97b4b2e	2491	raw/gb300/smoke_matrix/fused_per_rank-cuda_graph.json
2604ec4802b611138d61c3d8abf672590ada05c7cc62320814b9170dd0e24e97	4836	raw/gb300/smoke_matrix/fused_per_rank-cuda_graph.log
4d15f708c8dcc5c465a88ae1c98795e90d3aecc53ef15c8472c11a16d11c1542	2478	raw/gb300/smoke_matrix/fused_per_rank-eager.json
36cc6136247e40a8b775421e07fd9ee2606bcdc41045191a486a1631fa1eabc5	4775	raw/gb300/smoke_matrix/fused_per_rank-eager.log
cbb03f5b329cbfee2fbbacaa9dc69a227ac171cbabe5b3c3b4896502c2b94303	2474	raw/gb300/smoke_matrix/separate_overlap-cuda_graph.json
c2a937256cc719cc6514326c7f02a9411bd962f30e1022e3fdd2bd6a0aedacfb	4813	raw/gb300/smoke_matrix/separate_overlap-cuda_graph.log
946e1109815e5a522e7880b1273badc6e7fbbc35593a9c0a8fd9a472fb26fd53	2458	raw/gb300/smoke_matrix/separate_overlap-eager.json
31c97aba72845f4b1fc25e7327d9a71784521306407f69f528c9c529a0af34ad	4797	raw/gb300/smoke_matrix/separate_overlap-eager.log
09b74fe7937fae2867569eeb71326d02ce9fff76e55df19592220fcf950e466a	2486	raw/gb300/smoke_matrix/separate_serial-cuda_graph.json
ec29ebdb1654ed2e1b94bde487e2c25530999a6386c60386e647e3e907c79360	4827	raw/gb300/smoke_matrix/separate_serial-cuda_graph.log
5d0213ebd7c880cd4257d5a978671fc707a6c676693d9e63cd7aace3a9cf191d	2470	raw/gb300/smoke_matrix/separate_serial-eager.json
d083f3976908cd2976e831340eac0023281c830d1520de2d768f76b742ff8360	4947	raw/gb300/smoke_matrix/separate_serial-eager.log
04c708d17fa28a9692a9d022a7c56f01934dc6c1f52b155e95f34d6b59d46b5b	2531	raw/h200/full_matrix/qwen35-decode-t1-r32__fused_global__cuda_graph.json
72f5a0deadcd37585f0be5e13de367b5f2fd4e2754006eb8fc706c3bb6154453	4926	raw/h200/full_matrix/qwen35-decode-t1-r32__fused_global__cuda_graph.log
f2a4903c866f6c0aada69a0d8546d7d2e77d6b8f4e0cae98021f14ec15294f19	2514	raw/h200/full_matrix/qwen35-decode-t1-r32__fused_global__eager.json
c3c62bb23b0fb31da8bf9952413cc5919857eca87a1e4d5759502f808018bcac	4909	raw/h200/full_matrix/qwen35-decode-t1-r32__fused_global__eager.log
196288409bb20ba99b65ce725b031f2fac0b0e8382e2c2fda15d209234bb436e	2549	raw/h200/full_matrix/qwen35-decode-t1-r32__fused_per_rank__cuda_graph.json
452ac91392b6a33a3fd72997b47ee944a6aa64f93522de2b61500d2eb59a03bc	4944	raw/h200/full_matrix/qwen35-decode-t1-r32__fused_per_rank__cuda_graph.log
8f3e0a08367202e0a0f3009e458c4c93a806732f569950e4b22afdb2e082928b	2530	raw/h200/full_matrix/qwen35-decode-t1-r32__fused_per_rank__eager.json
46f3d4737a5296f5bafb2c9fb54d68a1882cd4dd7f08c1efd3dafdd179cb69b2	4923	raw/h200/full_matrix/qwen35-decode-t1-r32__fused_per_rank__eager.log
5eaecf6fde696e25d9488261dec7b3ef3df0605b3aec928e7df4bd4871daeebb	2534	raw/h200/full_matrix/qwen35-decode-t1-r32__separate_overlap__cuda_graph.json
22381e7a02d421a89e2155cca5ce1013a7e9ae00cbb49662b0846f57922ff38a	4931	raw/h200/full_matrix/qwen35-decode-t1-r32__separate_overlap__cuda_graph.log
8ef8a6f76b160f369fba37d6119ecea2665fa6c373d2946f755842355e52b53f	2515	raw/h200/full_matrix/qwen35-decode-t1-r32__separate_overlap__eager.json
a8a109afc90a8bab842f6eb63f2a2b1d670b2098ca8d73991c5bf941ebb90beb	4912	raw/h200/full_matrix/qwen35-decode-t1-r32__separate_overlap__eager.log
2d87cec442ccfa6812d59d9f0cc78fcb2029699ad8eb6a9b17d422cb57236002	2546	raw/h200/full_matrix/qwen35-decode-t1-r32__separate_serial__cuda_graph.json
f8d0368a718c01dc42fa7057ac87ee98515e843670e6c5024eb229679e0a0fae	4941	raw/h200/full_matrix/qwen35-decode-t1-r32__separate_serial__cuda_graph.log
40a6eee3fe071c55624a3e988f0ecf155ac6f20f0c17a151e1d67fb6e68f073f	2527	raw/h200/full_matrix/qwen35-decode-t1-r32__separate_serial__eager.json
38e080782600ff76786edda446176c2e4bd97079187c1be32d71ab65fb35ca14	4922	raw/h200/full_matrix/qwen35-decode-t1-r32__separate_serial__eager.log
56ec3e6a30181b33673ee27c0e6166deda7fa2bea9d03b3919d0414858d5fce2	2579	raw/h200/full_matrix/qwen35-decode-t32-r128-two-sink-mixed__fused_global__cuda_graph.json
c443dabb56e4a7fdb016780220cde7fbd718da03efd1fab8a62cba254d54ff4c	4976	raw/h200/full_matrix/qwen35-decode-t32-r128-two-sink-mixed__fused_global__cuda_graph.log
2866c65937949f9f4a432102b4b7c98aac2bb4f5bea0216c373e44827d73f050	2565	raw/h200/full_matrix/qwen35-decode-t32-r128-two-sink-mixed__fused_global__eager.json
5e11f2c88c1d9725f31e7dbd2173060312f26f181a35106488b50090b33672eb	4962	raw/h200/full_matrix/qwen35-decode-t32-r128-two-sink-mixed__fused_global__eager.log
0d13e591b48b7757eb109417953175ff12b73fa6aeb0849acc2214a04be1c014	2595	raw/h200/full_matrix/qwen35-decode-t32-r128-two-sink-mixed__fused_per_rank__cuda_graph.json
6143b46668384340d2cc292e06ce26ecd3e67068d5ce7622a8fc2d551d0870b8	4990	raw/h200/full_matrix/qwen35-decode-t32-r128-two-sink-mixed__fused_per_rank__cuda_graph.log
e4e3b10edb9ec9557ef5287c0dd74fed7e649b5e2f5c77df12eb147617331b15	2582	raw/h200/full_matrix/qwen35-decode-t32-r128-two-sink-mixed__fused_per_rank__eager.json
abfd14a1079cbc5893258b503e102b000340cdb59c56cf12239b759c2af1fd09	4975	raw/h200/full_matrix/qwen35-decode-t32-r128-two-sink-mixed__fused_per_rank__eager.log
f9376d6eb1777ae9c821094a7a478e2198a56a30d47d8c9fc0ecf73b58f9249e	2581	raw/h200/full_matrix/qwen35-decode-t32-r128-two-sink-mixed__separate_overlap__cuda_graph.json
ddb1057de72ca02871f30290547322dad062caa79df55dd9a850400aafef9711	4980	raw/h200/full_matrix/qwen35-decode-t32-r128-two-sink-mixed__separate_overlap__cuda_graph.log
10ecc72e8465b7ba9970d2021d781913272638662c6f2b62b386df6a53d4506e	2569	raw/h200/full_matrix/qwen35-decode-t32-r128-two-sink-mixed__separate_overlap__eager.json
27b660f1c2e83aad6bd9c797fe3efe18964e56ff50c7e597e6ac004c9c8828e2	4971	raw/h200/full_matrix/qwen35-decode-t32-r128-two-sink-mixed__separate_overlap__eager.log
69334b72cb22416e520a6a16ed940820165f02aa7be440d9e710dd69f36c92c7	2594	raw/h200/full_matrix/qwen35-decode-t32-r128-two-sink-mixed__separate_serial__cuda_graph.json
1c0cc99262f2dbb6653626581bcaea8949b023bf33e4994a38eff47e3ae68849	5491	raw/h200/full_matrix/qwen35-decode-t32-r128-two-sink-mixed__separate_serial__cuda_graph.log
b7f778c29e212b7faf93c3003d5f0c0409821a45731146de1279a1fc6a71bf33	2578	raw/h200/full_matrix/qwen35-decode-t32-r128-two-sink-mixed__separate_serial__eager.json
3c5656bb1da6994e1e5f3c251c014451928c1bcdb464d16751231be3a275b5cf	5148	raw/h200/full_matrix/qwen35-decode-t32-r128-two-sink-mixed__separate_serial__eager.log
43ff7adc7abd9f8aefd39428320a2ad43893d59c66804e25248d0a3ecd7598ff	2549	raw/h200/full_matrix/qwen35-decode-t32-r64-mixed__fused_global__cuda_graph.json
d2c93f3dbe9427e726b81bc220ef9d29deeabc0599b30c3cd2d3c3c14b0394b1	5031	raw/h200/full_matrix/qwen35-decode-t32-r64-mixed__fused_global__cuda_graph.log
37cbb0983e2e270856654b8d88bd7d23d9b76fc2fa03fc8477ad36902e9573ef	2536	raw/h200/full_matrix/qwen35-decode-t32-r64-mixed__fused_global__eager.json
cbc03b8c435e5cc5a73a9e94dfaa104e85146628bcc3dfd19bb6713f6dd0cf19	4932	raw/h200/full_matrix/qwen35-decode-t32-r64-mixed__fused_global__eager.log
1f5991df7e659aeef6dc3874f1bfa28459c69cf3c5c422fb9bf6f151f05d8d27	2571	raw/h200/full_matrix/qwen35-decode-t32-r64-mixed__fused_per_rank__cuda_graph.json
04c3c8acbe6e9a88cd02f3e05cfcd4bc9df45e9f48d98e9a316bb826e5b62285	5138	raw/h200/full_matrix/qwen35-decode-t32-r64-mixed__fused_per_rank__cuda_graph.log
7efde1df6c89e8dab80defef969f937246a75cbfb1223870a7d8ccc2cee72eab	2551	raw/h200/full_matrix/qwen35-decode-t32-r64-mixed__fused_per_rank__eager.json
7b1ea0cae17a549695d0e43e30514c8e12aeb86cd67378832318b2ca0c4fd962	5033	raw/h200/full_matrix/qwen35-decode-t32-r64-mixed__fused_per_rank__eager.log
559209e551f6821af63c2b2aeb15aaf826d810db2fdd2f70bf921ac88e7b7110	2553	raw/h200/full_matrix/qwen35-decode-t32-r64-mixed__separate_overlap__cuda_graph.json
933ffa9745ed879f72634bbe13062b02980f3d3530d5fefa7b9150c269e72f64	4951	raw/h200/full_matrix/qwen35-decode-t32-r64-mixed__separate_overlap__cuda_graph.log
e118c21015a14bb5d539e8f631dd5f50f8628b0241553699330b1a6bb500a5db	2536	raw/h200/full_matrix/qwen35-decode-t32-r64-mixed__separate_overlap__eager.json
f292a54b0fdf0a6964ad53464af395252dfc11f5bb30c8fa4f850325247d38f0	4930	raw/h200/full_matrix/qwen35-decode-t32-r64-mixed__separate_overlap__eager.log
f4a663537fc6ba7bade44826dd69d85fc2f78c18ef6d27af859243442fc255c4	2564	raw/h200/full_matrix/qwen35-decode-t32-r64-mixed__separate_serial__cuda_graph.json
309c2acc9ffd96bc20ea9fb8799f74a031de8067726f215785bbd721ff40268a	4960	raw/h200/full_matrix/qwen35-decode-t32-r64-mixed__separate_serial__cuda_graph.log
25a86a19e0d18b0e75b248241fa32bd54f78efdc4c23496d895145ab7bc05c8f	2547	raw/h200/full_matrix/qwen35-decode-t32-r64-mixed__separate_serial__eager.json
26e8c275a2aa97e82b7624252f6e09f4171e3a2c6ca761e30325e45dbb879e80	4943	raw/h200/full_matrix/qwen35-decode-t32-r64-mixed__separate_serial__eager.log
0d5c1b82322b2bd7490b42ecac1b4aa9bffcc8592d683113cdd054116d88f14c	2588	raw/h200/full_matrix/qwen35-prefill-t256-r128-two-sink-mixed__fused_global__cuda_graph.json
19687e54d8793aa9c81c8fd15806cbe09feb8181505f6778b2540b7813f0cb22	4985	raw/h200/full_matrix/qwen35-prefill-t256-r128-two-sink-mixed__fused_global__cuda_graph.log
a799ceb4f173b908ff0aede4a6eaaca30fc9521817694a06fbbd97d720850437	2575	raw/h200/full_matrix/qwen35-prefill-t256-r128-two-sink-mixed__fused_global__eager.json
35b58d09fade86d8dc5b49a8d9d26bd20682cef80d3052dfaaec6e221b5df493	4972	raw/h200/full_matrix/qwen35-prefill-t256-r128-two-sink-mixed__fused_global__eager.log
768f0898976721be091e34449c2f6f1883201a339859eceed4d413742118656d	2608	raw/h200/full_matrix/qwen35-prefill-t256-r128-two-sink-mixed__fused_per_rank__cuda_graph.json
52481d132054c2f49052922184e04d00ea9cc1658c43b6f1d56d3297cc29c18f	5001	raw/h200/full_matrix/qwen35-prefill-t256-r128-two-sink-mixed__fused_per_rank__cuda_graph.log
9ff54cbc8d03e289f3c485d2b8b1531607e018dc8760e3b4c161cc7321d4b504	2594	raw/h200/full_matrix/qwen35-prefill-t256-r128-two-sink-mixed__fused_per_rank__eager.json
216f381aded0dc3f6cd6bb45d4976e0ab527b76d5b6f1b44b8ae87cf3dfb1110	4989	raw/h200/full_matrix/qwen35-prefill-t256-r128-two-sink-mixed__fused_per_rank__eager.log
38a1b9fb2103caf7da8b05db027da781b75fb18a838713803f206dc42ac1d705	2592	raw/h200/full_matrix/qwen35-prefill-t256-r128-two-sink-mixed__separate_overlap__cuda_graph.json
159526902d1819fb9ad2533d3885eb9ce9a9d24c5264f61b4b896314ac46994f	4994	raw/h200/full_matrix/qwen35-prefill-t256-r128-two-sink-mixed__separate_overlap__cuda_graph.log
0b176c150305fec50b9a4a135bcdddf02b6869d65331a1210dee66370bed5fbd	2577	raw/h200/full_matrix/qwen35-prefill-t256-r128-two-sink-mixed__separate_overlap__eager.json
c37c65c66abe564893f3ab2b6cee087c32d71e4e43a769a45afe339af0754387	4977	raw/h200/full_matrix/qwen35-prefill-t256-r128-two-sink-mixed__separate_overlap__eager.log
1c1f8af2a02cecfb6f435e1ec06fef303de68bca2b0eb4e86ec7a358f3970bbf	2602	raw/h200/full_matrix/qwen35-prefill-t256-r128-two-sink-mixed__separate_serial__cuda_graph.json
3fdc96c9df328cb40624e49896434305561e9d7699235592a4e75576d9e612fa	4999	raw/h200/full_matrix/qwen35-prefill-t256-r128-two-sink-mixed__separate_serial__cuda_graph.log
b5e66d757ddc8955050c236da5945e27630bb18931c9c714691332cbf2550b4c	2591	raw/h200/full_matrix/qwen35-prefill-t256-r128-two-sink-mixed__separate_serial__eager.json
c55b635b4994e840544c542dbceca937067aeb87690142f069fa0e7839d9e263	4988	raw/h200/full_matrix/qwen35-prefill-t256-r128-two-sink-mixed__separate_serial__eager.log
dd0dd75ffb215ae2888aeb77e68ab2388406eabacf25f2dda913629d755a08cb	2556	raw/h200/full_matrix/qwen35-prefill-t256-r32-mixed__fused_global__cuda_graph.json
f42a003326aada286c07489410b4c381bfbe49ccc8a4302729ccf16af69d663f	4952	raw/h200/full_matrix/qwen35-prefill-t256-r32-mixed__fused_global__cuda_graph.log
fb72487cd130f84793c1745a51de2dae5076ac8394c3d66866e3efb194052c74	2543	raw/h200/full_matrix/qwen35-prefill-t256-r32-mixed__fused_global__eager.json
80d68acbb8fa29f7c93151ff4a4069afac0690dbe654214b3aa2b725d8880722	4939	raw/h200/full_matrix/qwen35-prefill-t256-r32-mixed__fused_global__eager.log
dfd0f07e0beec48a32ea97a49d046f7258265f53873e4ca7c7c795cac7ba9300	2575	raw/h200/full_matrix/qwen35-prefill-t256-r32-mixed__fused_per_rank__cuda_graph.json
6205a0ab50e034934b438e1290c4cd57c142656b58bf5d09a0b3032079577350	4969	raw/h200/full_matrix/qwen35-prefill-t256-r32-mixed__fused_per_rank__cuda_graph.log
78cc46145380c7da2c40eb13961474b5b4c7017c51149a53085fab85f99b4fb4	2561	raw/h200/full_matrix/qwen35-prefill-t256-r32-mixed__fused_per_rank__eager.json
2f09207f5b38f6e693f571b88004abf7fb6d2657aadee42da3d84f5194a01712	4955	raw/h200/full_matrix/qwen35-prefill-t256-r32-mixed__fused_per_rank__eager.log
8bae309f16dcfba2df2e07d2da919082aef019ec6e809e08be33401c65b5f869	2559	raw/h200/full_matrix/qwen35-prefill-t256-r32-mixed__separate_overlap__cuda_graph.json
7e625ddc5be7e64569166e2916bb95c131d3d33d26f13953e51e7d6ab2a32dac	4960	raw/h200/full_matrix/qwen35-prefill-t256-r32-mixed__separate_overlap__cuda_graph.log
02d5956cfa8b120d1d353473d15cb24d4360ff93590d949b1ada6ecafcb03649	2545	raw/h200/full_matrix/qwen35-prefill-t256-r32-mixed__separate_overlap__eager.json
04c491f51b61eeb510234e0e7349f9f303ec77ef90f71187d561fe2d12ccc920	4943	raw/h200/full_matrix/qwen35-prefill-t256-r32-mixed__separate_overlap__eager.log
61cbfc64aefbb6ca4e2992181e46eff2c16c8da253726b68c30145eb7da80bb0	2569	raw/h200/full_matrix/qwen35-prefill-t256-r32-mixed__separate_serial__cuda_graph.json
f2b494df6415c45cf95ac0e85c69aff6eb7b8d032f30c38f8f2a9dde3f36b5aa	4965	raw/h200/full_matrix/qwen35-prefill-t256-r32-mixed__separate_serial__cuda_graph.log
75dca17cc186a97ff7b32123f9384bccfc1d2c9281632bad21ed7df88e9b7548	2555	raw/h200/full_matrix/qwen35-prefill-t256-r32-mixed__separate_serial__eager.json
583d9e96f1c5cdd9d9fa3b2e28022799838371d45a24e8d6955a8efa78950cf7	4951	raw/h200/full_matrix/qwen35-prefill-t256-r32-mixed__separate_serial__eager.log
9655302f48803f76d86a779d3986f73fcb2309144d67aed62a63710613eeecb7	2539	raw/h200/full_matrix/qwen35-prefill-t512-r64__fused_global__cuda_graph.json
4a8adfa98fc8b2e5dccb50df3d6f89ba931722bfc12c58f94ec366d9d93f405a	4935	raw/h200/full_matrix/qwen35-prefill-t512-r64__fused_global__cuda_graph.log
badf9151fab14077df4b71a6c915fb45cd189b11119adec2315727fb187bf35c	2526	raw/h200/full_matrix/qwen35-prefill-t512-r64__fused_global__eager.json
d0716d1bec713504ddbbeacf15ad996ff11cbef0a4e193b94e2e40e856080527	4922	raw/h200/full_matrix/qwen35-prefill-t512-r64__fused_global__eager.log
54929e8c47c4bd81314aceac4055465a68b0411b2af377d9b48e6d57cf305baf	2556	raw/h200/full_matrix/qwen35-prefill-t512-r64__fused_per_rank__cuda_graph.json
9091750d7dbf4c32982ffe865d506a8adb7ef8162e0e793b1a5a2e6aea6a79f7	4950	raw/h200/full_matrix/qwen35-prefill-t512-r64__fused_per_rank__cuda_graph.log
d89214b0cfa9117d2fc6b0898708b13563af98fac82ba1e63b87eb64ef2acc58	2543	raw/h200/full_matrix/qwen35-prefill-t512-r64__fused_per_rank__eager.json
d5eb7bb1bb617084fa0937d904427e5f7bfbec74206e4588a70611c7dd6fc339	4937	raw/h200/full_matrix/qwen35-prefill-t512-r64__fused_per_rank__eager.log
1b76970448b84266307ef8aad7f7f5add9b9512bb1be06d12648be852df12dda	2542	raw/h200/full_matrix/qwen35-prefill-t512-r64__separate_overlap__cuda_graph.json
d38c373b430c39da56fbd2621a8bf38ce10823846f36b07ab15080768a7d0be4	4940	raw/h200/full_matrix/qwen35-prefill-t512-r64__separate_overlap__cuda_graph.log
f2c15c32a753dd3d30a0a9a641229902b2dd8158cd99dee3230984098d099f5b	2529	raw/h200/full_matrix/qwen35-prefill-t512-r64__separate_overlap__eager.json
5eaa29bc099ea818d6db83672cea6d8ac86ef441ab4be35278eaaf31b5b0eebb	4928	raw/h200/full_matrix/qwen35-prefill-t512-r64__separate_overlap__eager.log
9a764d8118726a6341e5e464b6d0512a2840aca724add177d627cd2a776cacf9	2553	raw/h200/full_matrix/qwen35-prefill-t512-r64__separate_serial__cuda_graph.json
0b12b098a4333fc134eb1c56c69ca8391382ee8cbdb9b1d8b9ff7b447869cf48	4949	raw/h200/full_matrix/qwen35-prefill-t512-r64__separate_serial__cuda_graph.log
bc7ff53acc883acfd7abeb49d08c9cfe4a686724b2f1d4a48d5724984c116863	2539	raw/h200/full_matrix/qwen35-prefill-t512-r64__separate_serial__eager.json
e914281bfcb858608779d0370e92bfc677581832fb3fac11e2378ea44197b459	4935	raw/h200/full_matrix/qwen35-prefill-t512-r64__separate_serial__eager.log
a82c3085bc2210323ee869567c60b6c6ab17f518f38ffc51f88e080cf52e9f55	5669	raw/h200/ncu/h200-fused-global-route.details.txt
e63c550d50390437c2fa57cbc2ae6f0a9a117406b4397771a37918f68c2cfc43	7247	raw/h200/ncu/h200-fused-global-route.log
a891950af9617e2ef93d364afefc652fef0333973fb13b8bb5755b6daa009d43	111064	raw/h200/ncu/h200-fused-global-route.ncu-rep
9422dc3094544324ecf8b16bf57c872882853226b3559c398da7efc96e4a4855	5669	raw/h200/ncu/h200-fused-per-rank-route.details.txt
2b70c207f4ddf0a1f9dc23f6891c8e02b7b123ee7cfc3ac507937d5cea01c49d	7263	raw/h200/ncu/h200-fused-per-rank-route.log
84fe56e792b60a4750dc3a91f6a8223b5cf2b987843d9e63a376eb7465a0f633	116700	raw/h200/ncu/h200-fused-per-rank-route.ncu-rep
0043d56186b0d102f411cfb9a59465663b7eb8a93e09a24383646078caa074b2	1773	raw/h200/nsys/qwen35-decode-t32-r128-two-sink-mixed__fused_per_rank__cuda_graph.analysis.json
9d640985f3d36083b427855bb195cad0b4419fc991fe7d2e1ba65aca2fc4d8e9	2369	raw/h200/nsys/qwen35-decode-t32-r128-two-sink-mixed__fused_per_rank__cuda_graph.json
9d373736fce44270ac458453b0e6d51227aa2cd67bb0215dcca307f6246730d5	14941	raw/h200/nsys/qwen35-decode-t32-r128-two-sink-mixed__fused_per_rank__cuda_graph.log
209b3145420da851337c644c087d4617e1b1a666f726aedcdce7be260acf6b62	115377	raw/h200/nsys/qwen35-decode-t32-r128-two-sink-mixed__fused_per_rank__cuda_graph.nsys-rep
806ce812db26195098a59b70a1be42a82c1d1a28a69c168a7404aa56b6e7a347	458752	raw/h200/nsys/qwen35-decode-t32-r128-two-sink-mixed__fused_per_rank__cuda_graph.sqlite
cc3856ab1d7e17799cccf13d63912923f60c9523d10fd87517dc4bbb8de707f9	2380	raw/h200/nsys/qwen35-decode-t32-r128-two-sink-mixed__separate_overlap__cuda_graph.analysis.json
a94bfdc468dd996c210957c55e37bf98640e14f789b7555239caa9b9f5c4f0a9	2358	raw/h200/nsys/qwen35-decode-t32-r128-two-sink-mixed__separate_overlap__cuda_graph.json
0a5230d79c472a2fe0550389211368e2a83f5b3f1b9a804d359a79a9038960dd	14852	raw/h200/nsys/qwen35-decode-t32-r128-two-sink-mixed__separate_overlap__cuda_graph.log
c433c51c4431f26d4cd5d92c14d8901831ee9fd2c2ca8f881790b57ffa69a245	118020	raw/h200/nsys/qwen35-decode-t32-r128-two-sink-mixed__separate_overlap__cuda_graph.nsys-rep
7ef75a0bc381c8459f6b4db139b14a3460b4e8488918e240f21c1b52c8834515	466944	raw/h200/nsys/qwen35-decode-t32-r128-two-sink-mixed__separate_overlap__cuda_graph.sqlite
717047e93707ee09dba9410a59a12ca41f3c8ac478c5476f9ea6d369dbbf233d	1777	raw/h200/nsys/qwen35-prefill-t256-r128-two-sink-mixed__fused_per_rank__cuda_graph.analysis.json
3fe0b6c83ea12cf6d3908429105e45768582412cdc165fdf00d574f23ac98e8a	2378	raw/h200/nsys/qwen35-prefill-t256-r128-two-sink-mixed__fused_per_rank__cuda_graph.json
27da32d12a778fd21c8e1f5c1fa3acccb9511d2491c58259c4e9875da0cb36f8	14982	raw/h200/nsys/qwen35-prefill-t256-r128-two-sink-mixed__fused_per_rank__cuda_graph.log
e4384e573aec31da9659f68d039e7334ecac32dbce47f4b7626ac92afcd5c363	115815	raw/h200/nsys/qwen35-prefill-t256-r128-two-sink-mixed__fused_per_rank__cuda_graph.nsys-rep
c98d7c35f5dd6e8ff9ac0c2f9ae015500c75bf2798b55b50f27735d8807b52f1	462848	raw/h200/nsys/qwen35-prefill-t256-r128-two-sink-mixed__fused_per_rank__cuda_graph.sqlite
10744641ccb419cb465719d4df83b0503ad08a94334f0b03b23d7b5a624bb680	2384	raw/h200/nsys/qwen35-prefill-t256-r128-two-sink-mixed__separate_overlap__cuda_graph.analysis.json
ec25d555de902d78d2c13066a40ab2f2694e85c7e825e45ff1fedf0557fc63ed	2363	raw/h200/nsys/qwen35-prefill-t256-r128-two-sink-mixed__separate_overlap__cuda_graph.json
e57c4c49c7c7bfcbc08fbc7f554ea1e626a85dad280ab5dd75b11a0cc96342b5	14887	raw/h200/nsys/qwen35-prefill-t256-r128-two-sink-mixed__separate_overlap__cuda_graph.log
c02e8e6e9ebb65349b8a92773772c40726d914fb9515961a5d5f7acb03b3d398	118428	raw/h200/nsys/qwen35-prefill-t256-r128-two-sink-mixed__separate_overlap__cuda_graph.nsys-rep
79960f1c72770dc8627021d22ae1add7795a9fc3caf974ce60c5232f1b12cfff	466944	raw/h200/nsys/qwen35-prefill-t256-r128-two-sink-mixed__separate_overlap__cuda_graph.sqlite
1c8291b91a430744213707016039e026e2dedb4ec93b27256a7bf8bfcd22c066	2545	raw/h200/repeat_reverse/qwen35-decode-t1-r32__fused_global__cuda_graph__repeat2.json
4b51ee25c4006c2f89e2c326d05a5bf8b7b19139ca3669b2e8a871aac7a1168c	4940	raw/h200/repeat_reverse/qwen35-decode-t1-r32__fused_global__cuda_graph__repeat2.log
0adfbf9aecff1f592687bf1cd2935bfe3c24733f36d512b64cd061fb327c09a3	2563	raw/h200/repeat_reverse/qwen35-decode-t1-r32__fused_per_rank__cuda_graph__repeat2.json
98163f467dc23d886aac50ab80f9973db82e4d320f833f4d5484de94b33e6bca	4956	raw/h200/repeat_reverse/qwen35-decode-t1-r32__fused_per_rank__cuda_graph__repeat2.log
fff4d949d3337b1d97b708c2850a5e604bd34ec2b9ba588133a95c628d266816	2547	raw/h200/repeat_reverse/qwen35-decode-t1-r32__separate_overlap__cuda_graph__repeat2.json
16f7f51ee70fe408ce3dc4381b43dd550fdfb38d585d9224245db63c5803c8a9	4944	raw/h200/repeat_reverse/qwen35-decode-t1-r32__separate_overlap__cuda_graph__repeat2.log
10c4be4bad26dbcc3a226b55ea4f28277d9f3cd73345f36ae28983ddd48df0fc	2557	raw/h200/repeat_reverse/qwen35-decode-t1-r32__separate_serial__cuda_graph__repeat2.json
dfd26651d4136497b60ad565abfa23876cfe3f97c0d2df70d9249c056cf79737	4952	raw/h200/repeat_reverse/qwen35-decode-t1-r32__separate_serial__cuda_graph__repeat2.log
2823239f155073c1331b7b20f830cd0cdd08133f439e0663baed434d7a78f5ce	2588	raw/h200/repeat_reverse/qwen35-decode-t32-r128-two-sink-mixed__fused_global__cuda_graph__repeat2.json
d8c6364f33cdd553c6fd1f79f5772842f7839b522022cf7441d380eadd7a6650	4985	raw/h200/repeat_reverse/qwen35-decode-t32-r128-two-sink-mixed__fused_global__cuda_graph__repeat2.log
c656312b9454b70c8253ba114cd46607de7d39c829894ddfcefe53101b46bdfb	2607	raw/h200/repeat_reverse/qwen35-decode-t32-r128-two-sink-mixed__fused_per_rank__cuda_graph__repeat2.json
0d41a296e544ab6b821243252d27b697fe25ff38f6fc0e5b87ddb159982ddab4	5000	raw/h200/repeat_reverse/qwen35-decode-t32-r128-two-sink-mixed__fused_per_rank__cuda_graph__repeat2.log
392fdd53a24eb3c9428bdddbf1b5e99bffaa8c4e896fff84913abf26b06232ae	2594	raw/h200/repeat_reverse/qwen35-decode-t32-r128-two-sink-mixed__separate_overlap__cuda_graph__repeat2.json
631ee934e0bc2700a5f8fa881615e06ff9bb478ef2405c01e15e0f7bd0499300	4996	raw/h200/repeat_reverse/qwen35-decode-t32-r128-two-sink-mixed__separate_overlap__cuda_graph__repeat2.log
d28c988c8f34578df0491258f2aed4490ee276952cbeeac73eefd98f2a901e45	2605	raw/h200/repeat_reverse/qwen35-decode-t32-r128-two-sink-mixed__separate_serial__cuda_graph__repeat2.json
194e276f9eb162c7095c841d61500ad6ad6d0d64e42ea8ffe5a15d103fd1b7b1	5002	raw/h200/repeat_reverse/qwen35-decode-t32-r128-two-sink-mixed__separate_serial__cuda_graph__repeat2.log
662a3c595c5476601ca1cbd721c7ce43baf52495404ca88781377e5bdd162dae	2562	raw/h200/repeat_reverse/qwen35-decode-t32-r64-mixed__fused_global__cuda_graph__repeat2.json
6ff2e825d38cffab0495c778ab83a2d4ebdde2b031a2ba2bac96cd196d84cb9c	4958	raw/h200/repeat_reverse/qwen35-decode-t32-r64-mixed__fused_global__cuda_graph__repeat2.log
f0fd463d7bf75a9d3d24c8009ef54bbd22da24e8192f963689050a27ca75864f	2579	raw/h200/repeat_reverse/qwen35-decode-t32-r64-mixed__fused_per_rank__cuda_graph__repeat2.json
4fd53d2b312ab5bc9e46f32f06108a3ff6c1c2c3ba02976dce36ea8f410a7fe9	4973	raw/h200/repeat_reverse/qwen35-decode-t32-r64-mixed__fused_per_rank__cuda_graph__repeat2.log
f4877c3a6d4a10e3d1d45bdc5f1b9b25d16298912f67ca3e1c3418bdc6a935e4	2562	raw/h200/repeat_reverse/qwen35-decode-t32-r64-mixed__separate_overlap__cuda_graph__repeat2.json
518e89556b6dec0cf9d47469b74f5a46594c56ad00aabaa7a776736833e254a8	4960	raw/h200/repeat_reverse/qwen35-decode-t32-r64-mixed__separate_overlap__cuda_graph__repeat2.log
7a168203310f2df7ec69a2840ca8957a2474b63d603c84fc57eea0bb20720912	2575	raw/h200/repeat_reverse/qwen35-decode-t32-r64-mixed__separate_serial__cuda_graph__repeat2.json
0cd7ba7fcf5af697346395bfe1825fee189187f418df9a045ee19227a106e177	4971	raw/h200/repeat_reverse/qwen35-decode-t32-r64-mixed__separate_serial__cuda_graph__repeat2.log
afce93790b35394de40c3e6472e0ec4875452cf655f37beaee6f67691a632af2	2603	raw/h200/repeat_reverse/qwen35-prefill-t256-r128-two-sink-mixed__fused_global__cuda_graph__repeat2.json
e1aa736a8756183e11862b469bd8fac73eb2083d26ff5356b90e95e09d6a61d1	5000	raw/h200/repeat_reverse/qwen35-prefill-t256-r128-two-sink-mixed__fused_global__cuda_graph__repeat2.log
413127d8ecfdb39a8b1c448dd8634f8909c12455334554919b86527ec7a8eb74	2620	raw/h200/repeat_reverse/qwen35-prefill-t256-r128-two-sink-mixed__fused_per_rank__cuda_graph__repeat2.json
4806a77a9c608d0dc2ef7a270a530cffacb02a4aaf08da3611200da93ea921e6	5015	raw/h200/repeat_reverse/qwen35-prefill-t256-r128-two-sink-mixed__fused_per_rank__cuda_graph__repeat2.log
b0a6b6cca4f74b3251d021fcc77ac9bca61a3c35618eefc1648ffba2b4191e3e	2604	raw/h200/repeat_reverse/qwen35-prefill-t256-r128-two-sink-mixed__separate_overlap__cuda_graph__repeat2.json
5b38cfe133c6240eac51db6114590cf9ce1720fa2ffdbe850e9e36be45580aeb	5004	raw/h200/repeat_reverse/qwen35-prefill-t256-r128-two-sink-mixed__separate_overlap__cuda_graph__repeat2.log
592d28f1d8ad2facce40fc10298e98346f455226fd7b68a324ef4040bbf7073f	2612	raw/h200/repeat_reverse/qwen35-prefill-t256-r128-two-sink-mixed__separate_serial__cuda_graph__repeat2.json
da3d74cbe760d8fd6787907910f56193a2e900c47895e6b5d5a476901fccef26	5009	raw/h200/repeat_reverse/qwen35-prefill-t256-r128-two-sink-mixed__separate_serial__cuda_graph__repeat2.log
d5f4061574d0fc61429b066eea101eb81067fdb1daa0a6e51659f8d5f7e7e8ed	2570	raw/h200/repeat_reverse/qwen35-prefill-t256-r32-mixed__fused_global__cuda_graph__repeat2.json
46dd8041e696f3c681b41d5ae1630b188297a52d9f82cf25935d748bced26dd0	4966	raw/h200/repeat_reverse/qwen35-prefill-t256-r32-mixed__fused_global__cuda_graph__repeat2.log
fafdd58d063fa7298f19493e340f010f65b2f80c4d15e159096354061b5bd204	2587	raw/h200/repeat_reverse/qwen35-prefill-t256-r32-mixed__fused_per_rank__cuda_graph__repeat2.json
6f8de0484bf72b45e813b3d0cc110925d85b53efb97a9c1607fde493cb45c66e	4981	raw/h200/repeat_reverse/qwen35-prefill-t256-r32-mixed__fused_per_rank__cuda_graph__repeat2.log
0aa4eea611278d5e56ac7358ee4cc66beef18815f90bab29c01baf7e134b4f96	2569	raw/h200/repeat_reverse/qwen35-prefill-t256-r32-mixed__separate_overlap__cuda_graph__repeat2.json
f3c1d58c3001b988926acc787c2edc7d467976d9371103115da52703adb67211	4968	raw/h200/repeat_reverse/qwen35-prefill-t256-r32-mixed__separate_overlap__cuda_graph__repeat2.log
f4ea5ee99c74e45a795a938d73fc76273cd4b8dbf86ab3b3626304514b1d2b8a	2582	raw/h200/repeat_reverse/qwen35-prefill-t256-r32-mixed__separate_serial__cuda_graph__repeat2.json
7c22abb5d9584f54fc8ec768ec1dec5280c6f5c9f7c40056540c0f8d17800b21	4978	raw/h200/repeat_reverse/qwen35-prefill-t256-r32-mixed__separate_serial__cuda_graph__repeat2.log
7bf1316e68ce32bf3916aa21e0963d9979311ab7cc627b439c7a712411620236	2550	raw/h200/repeat_reverse/qwen35-prefill-t512-r64__fused_global__cuda_graph__repeat2.json
02b0594756a1a46782c883e3a199d6112cc77119bbb1d0cc0bef8c7facea15af	4946	raw/h200/repeat_reverse/qwen35-prefill-t512-r64__fused_global__cuda_graph__repeat2.log
e7512531c1b601c5ae3ce4ef995cd8bb0705c793ea60511080ce6d7f38b944f2	2568	raw/h200/repeat_reverse/qwen35-prefill-t512-r64__fused_per_rank__cuda_graph__repeat2.json
d8229222fd601fb403ef5108486435cbb57b7badd9c7fc248a57340de12130d0	4964	raw/h200/repeat_reverse/qwen35-prefill-t512-r64__fused_per_rank__cuda_graph__repeat2.log
5b0dcd226811527f19278569c03f5ca3f5b7d96a565cce8d1636bf72e2bcc1eb	2554	raw/h200/repeat_reverse/qwen35-prefill-t512-r64__separate_overlap__cuda_graph__repeat2.json
25ccef90cdf27f10abf044a8449588acdbe69e94f3990b46f5285f75be6afba5	4953	raw/h200/repeat_reverse/qwen35-prefill-t512-r64__separate_overlap__cuda_graph__repeat2.log
4408c3fbfbdd6b7206988b8fcf39364c66343fc556b3a8287ad96d94d1acd6a3	2565	raw/h200/repeat_reverse/qwen35-prefill-t512-r64__separate_serial__cuda_graph__repeat2.json
602ab7cf0bd2ebe482ba3efef2da901a125da49f044eb6dbd536c80842e02e1d	4961	raw/h200/repeat_reverse/qwen35-prefill-t512-r64__separate_serial__cuda_graph__repeat2.log
c0509fb1962c12ec56f6919ec5b40ba72dfe9fd401049b08cd00096e9695e9a7	2416	raw/h200/smoke-h200-fused-global-eager.json
a26c0fd884263db5cbb8ae6680e5694b43f9dfeaf36487a5b659d49e6693ffb7	2491	raw/h200/smoke_matrix/fused_global-cuda_graph.json
c4e5a97ce95c1299a6d2162c213fde98149d2eb8e8481b8595bd01eb4d85b81f	4903	raw/h200/smoke_matrix/fused_global-cuda_graph.log
078acf05e81f85e6ec6b7ead524c4ab60bc9102a4efd3ad63b6a3c1d55624083	2473	raw/h200/smoke_matrix/fused_global-eager.json
909b2c97c3905ec4872a7e9a570ac5054beef6d2a996e8c068966744e118d017	4885	raw/h200/smoke_matrix/fused_global-eager.log
d6c6e8412cc2bd2379acb39711368639d42da783ac33d6ab61d88afb1793ce3d	2506	raw/h200/smoke_matrix/fused_per_rank-cuda_graph.json
b042a70b5c2304d16dd9edb3d2261a37f5bc10296ad372bdd3df102fa014aa3b	4918	raw/h200/smoke_matrix/fused_per_rank-cuda_graph.log
71ff44a2e097bbd9ddde363d986c9ddb0934e5ef36a05c1dfbec32caea5e7997	2490	raw/h200/smoke_matrix/fused_per_rank-eager.json
ae0d17d62d12f0103073915d6e7d6b94cccaf040beffe418192892182f049ad1	6321	raw/h200/smoke_matrix/fused_per_rank-eager.log
c8a65f2a8c882efed57039d3a7a5f7f2c639c4bc81f358e7a08a5b651d876102	2490	raw/h200/smoke_matrix/separate_overlap-cuda_graph.json
6d823c8d82f453e0bdca575c4d9ee85ba802f4f601733164fdab895ac4df1194	4904	raw/h200/smoke_matrix/separate_overlap-cuda_graph.log
80cbfd24223136e0529949069eb706539b207485f0db1cba7a7a90000bdaa655	2474	raw/h200/smoke_matrix/separate_overlap-eager.json
affc4f05c9561fa6edfc4b6e782940a214f9268eef4f5c5aa582be16c58544be	4888	raw/h200/smoke_matrix/separate_overlap-eager.log
9a68a091a62eb8b71e77dc63cddcd52cc25312c3a402d2777cf0b3bc69ec4bcf	2501	raw/h200/smoke_matrix/separate_serial-cuda_graph.json
a1ab16c2fa889562735b508ed10168756bb804d9faf2644f6358eb31f790a9a9	4913	raw/h200/smoke_matrix/separate_serial-cuda_graph.log
3865b5851a24eb65be46df8f6b926a148888086e9d5900a7bab5b54eea49aeef	2484	raw/h200/smoke_matrix/separate_serial-eager.json
ea64da387108460b62427a0a59a598025d130ae613ebdbcffc59683ebb70b374	6446	raw/h200/smoke_matrix/separate_serial-eager.log
f1819a549fff6023a16217090a599aa4c05db5def9dab46dfbab793651b9c0f1	4304	smoke_summary.json
bcb013d34fa0760b482ac703eda691d950fbeb3e4a860ebb98d38ba40e4111ac	1236	smoke_summary.md
8790cacc5567e5a1ce893d18ce93855e5259412c30106029c2927c11a7975440	24016	summary.json
681a148be120593f05c44706f2f66a78f5f3b27f14c223a4efdb38aed1d445a2	4626	summary.md
